﻿<?xml version="1.0" encoding="utf-8"?>
<base xmlns:xsi="http://www.w3.org/2001/XMLSchema-instance"
      xmlns:xsd="http://www.w3.org/2001/XMLSchema"
      type="string">
  <strings>
    <string id="str_spell_1"
            text="Test Text" />
    <string id="str_spell_2"
            text="Test Text" />
	<string id="str_spell_3"
            text="Test Text" />
	<string id="str_spell_4"
            text="Test Text" />
	<string id="str_spell_5"
            text="Test Text" />
	<string id="str_spell_6"
            text="Test Text" />
	<string id="str_spell_7"
            text="Test Text" />
	<string id="str_spell_8"
            text="Test Text" />
	<string id="str_spell_9"
            text="Test Text" />
  </strings>
</base>