<Prefab>
  <Variables>
  </Variables>
  <Constants>

    <Constant Name="LeftBar.Button1.Width" BrushLayer="Default" BrushName="MapBar.Left.Button1" BrushValueType="Width" />
    <Constant Name="LeftBar.Button1.Height" BrushLayer="Default" BrushName="MapBar.Left.Button1" BrushValueType="Height" />

    <Constant Name="LeftBar.Button2.Width" BrushLayer="Default" BrushName="MapBar.Left.Button2" BrushValueType="Width" />
    <Constant Name="LeftBar.Button2.Height" BrushLayer="Default" BrushName="MapBar.Left.Button2" BrushValueType="Height" />

    <Constant Name="LeftBar.Button3.Width" BrushLayer="Default" BrushName="MapBar.Left.Button3" BrushValueType="Width" />
    <Constant Name="LeftBar.Button3.Height" BrushLayer="Default" BrushName="MapBar.Left.Button3" BrushValueType="Height" />

    <Constant Name="LeftBar.Button4.Width" BrushLayer="Default" BrushName="MapBar.Left.Button4" BrushValueType="Width" />
    <Constant Name="LeftBar.Button4.Height" BrushLayer="Default" BrushName="MapBar.Left.Button4" BrushValueType="Height" />

    <Constant Name="LeftBar.Button5.Width" BrushLayer="Default" BrushName="MapBar.Left.Button5" BrushValueType="Width" />
    <Constant Name="LeftBar.Button5.Height" BrushLayer="Default" BrushName="MapBar.Left.Button5" BrushValueType="Height" />

    <Constant Name="LeftBar.Button6.Width" BrushLayer="Default" BrushName="MapBar.Left.Button6" BrushValueType="Width" />
    <Constant Name="LeftBar.Button6.Height" BrushLayer="Default" BrushName="MapBar.Left.Button6" BrushValueType="Height" />

    <Constant Name="LeftBar.Button7.Width" BrushLayer="Default" BrushName="MapBar.Left.Button7" BrushValueType="Width" />
    <Constant Name="LeftBar.Button7.Height" BrushLayer="Default" BrushName="MapBar.Left.Button7" BrushValueType="Height" />

    <Constant Name="LeftBar.Icon1.Width" BrushLayer="Default" BrushName="MapBar.Left.Icon1" BrushValueType="Width" />
    <Constant Name="LeftBar.Icon1.Height" BrushLayer="Default" BrushName="MapBar.Left.Icon1" BrushValueType="Height" />

    <Constant Name="LeftBar.Icon2.Width" BrushLayer="Default" BrushName="MapBar.Left.Icon2" BrushValueType="Width" />
    <Constant Name="LeftBar.Icon2.Height" BrushLayer="Default" BrushName="MapBar.Left.Icon2" BrushValueType="Height" />

    <Constant Name="LeftBar.Icon3.Width" BrushLayer="Default" BrushName="MapBar.Left.Icon3" BrushValueType="Width" />
    <Constant Name="LeftBar.Icon3.Height" BrushLayer="Default" BrushName="MapBar.Left.Icon3" BrushValueType="Height" />

    <Constant Name="LeftBar.Icon4.Width" BrushLayer="Default" BrushName="MapBar.Left.Icon4" BrushValueType="Width" />
    <Constant Name="LeftBar.Icon4.Height" BrushLayer="Default" BrushName="MapBar.Left.Icon4" BrushValueType="Height" />

    <Constant Name="LeftBar.Icon5.Width" BrushLayer="Default" BrushName="MapBar.Left.Icon5" BrushValueType="Width" />
    <Constant Name="LeftBar.Icon5.Height" BrushLayer="Default" BrushName="MapBar.Left.Icon5" BrushValueType="Height" />

    <Constant Name="LeftBar.Icon6.Width" BrushLayer="Default" BrushName="MapBar.Left.Icon6" BrushValueType="Width" />
    <Constant Name="LeftBar.Icon6.Height" BrushLayer="Default" BrushName="MapBar.Left.Icon6" BrushValueType="Height" />

    <Constant Name="LeftBar.Icon7.Width" BrushLayer="Default" BrushName="MapBar.Left.Icon7" BrushValueType="Width" />
    <Constant Name="LeftBar.Icon7.Height" BrushLayer="Default" BrushName="MapBar.Left.Icon7" BrushValueType="Height" />

    <Constant Name="MapBar.GatherArmy.Icon.Width" BrushLayer="Default" BrushName="MapBar.GatherArmy.Icon" BrushValueType="Width" />
    <Constant Name="MapBar.GatherArmy.Icon.Height" BrushLayer="Default" BrushName="MapBar.GatherArmy.Icon" BrushValueType="Height" />

    <Constant Name="MapBar.GatherArmy.Background.Width" BrushLayer="Default" BrushName="MapBar.GatherArmy.Background" BrushValueType="Width" />
    <Constant Name="MapBar.GatherArmy.Background.Height" BrushLayer="Default" BrushName="MapBar.GatherArmy.Background" BrushValueType="Height" />

    <Constant Name="MapBar.GatherArmy.Button.Width" BrushLayer="Default" BrushName="MapBar.GatherArmy.Button" BrushValueType="Width" />
    <Constant Name="MapBar.GatherArmy.Button.Height" BrushLayer="Default" BrushName="MapBar.GatherArmy.Button" BrushValueType="Height" />

    <Constant Name="NormalMapBarTextColor" Value="#FFFFFFFF" />
    <Constant Name="WarningMapBarTextColor" Value="#DB0808FF" />
    <Constant Name="MapBar.Notification.Size" Value="20" />

    <Constant Name="MapBar.Buttons.HorizonalSpacing" Value="2" />

    <Constant Name="MapBar.ButtonIcon.XOffset" Value="0" />
    <Constant Name="MapBar.ButtonIcon.YOffset" Value="1" />

  </Constants>
  <VisualDefinitions>
	<VisualDefinition Name="MagicScreen" TransitionDuration="0.4" EaseIn="true">
	  <VisualState PositionYOffset="0" State="Default" />
	  <VisualState PositionYOffset="100" State="Disabled" />
    </VisualDefinition>
  </VisualDefinitions>
  <Window>
    <Widget DoNotAcceptEvents="true" WidthSizePolicy="StretchToParent" HeightSizePolicy="StretchToParent" IsVisible="@IsEnabled">
      <Children>
		<!--_____Magic_______-->
			<MagicUIWidget DataSource="{MapTimeControl}" Id="MagicScreen" VisualDefinition="MagicScreen" WidthSizePolicy="Fixed" HeightSizePolicy="Fixed" SuggestedWidth="500" SuggestedHeight="500" HorizontalAlignment="Right" VerticalAlignment="Center" PositionXOffset="-20" PositionYOffset="-500" Sprite="Main\background" CurrentTimeState="@TimeFlowState" Spell_1_Button="Spell_1_Button" IsEnabled="@IsCenterPanelEnabled" Spell_2_Button="Spell_2_Button" Spell_3_Button="Spell_3_Button" Spell_4_Button="Spell_4_Button" Spell_5_Button="Spell_5_Button" Spell_6_Button="Spell_6_Button" Spell_7_Button="Spell_7_Button" Spell_8_Button="Spell_8_Button" Spell_9_Button="Spell_9_Button" >
				<Children>
						<TextWidget WidthSizePolicy="Fixed" HeightSizePolicy="Fixed" SuggestedWidth="220" SuggestedHeight="40" HorizontalAlignment="Center" VerticalAlignment="Top" PositionYOffset="0" Brush="MapTextBrushGal" Brush.FontSize="20" Text="Winds of Magic" />

						<ButtonWidget Id="Spell_1_Button" WidthSizePolicy="Fixed" HeightSizePolicy="Fixed" SuggestedWidth="100" SuggestedHeight="100" HorizontalAlignment="Center" VerticalAlignment="Center" PositionXOffset="-150" PositionYOffset="-150" Brush="Spell_1" Command.Click="ExecuteSpellCast" CommandParameter.Click="1">
							<Children>
								<HintWidget DataSource="{Spell_1_Hint}" WidthSizePolicy="StretchToParent" HeightSizePolicy="StretchToParent" Command.HoverBegin="ExecuteBeginHint" Command.HoverEnd="ExecuteEndHint" IsDisabled="true" />
							</Children>
						</ButtonWidget>

						<ButtonWidget Id="Spell_2_Button" WidthSizePolicy="Fixed" HeightSizePolicy="Fixed" SuggestedWidth="100" SuggestedHeight="100" HorizontalAlignment="Center" VerticalAlignment="Center" PositionXOffset="-0" PositionYOffset="-150" Brush="Spell_2" Command.Click="ExecuteSpellCast" CommandParameter.Click="2">
							<Children>
								<HintWidget DataSource="{Spell_2_Hint}" WidthSizePolicy="StretchToParent" HeightSizePolicy="StretchToParent" Command.HoverBegin="ExecuteBeginHint" Command.HoverEnd="ExecuteEndHint" IsDisabled="true" />
							</Children>
						</ButtonWidget>

						<ButtonWidget Id="Spell_3_Button" WidthSizePolicy="Fixed" HeightSizePolicy="Fixed" SuggestedWidth="100" SuggestedHeight="100" HorizontalAlignment="Center" VerticalAlignment="Center" PositionXOffset="150" PositionYOffset="-150" Brush="Spell_3" Command.Click="ExecuteSpellCast" CommandParameter.Click="3">
							<Children>
								<HintWidget DataSource="{Spell_3_Hint}" WidthSizePolicy="StretchToParent" HeightSizePolicy="StretchToParent" Command.HoverBegin="ExecuteBeginHint" Command.HoverEnd="ExecuteEndHint" IsDisabled="true" />
							</Children>
						</ButtonWidget>

						<ButtonWidget Id="Spell_4_Button" WidthSizePolicy="Fixed" HeightSizePolicy="Fixed" SuggestedWidth="100" SuggestedHeight="100" HorizontalAlignment="Center" VerticalAlignment="Center" PositionXOffset="-150" PositionYOffset="-0" Brush="Spell_4" Command.Click="ExecuteSpellCast" CommandParameter.Click="4">
							<Children>
								<HintWidget DataSource="{Spell_4_Hint}" WidthSizePolicy="StretchToParent" HeightSizePolicy="StretchToParent" Command.HoverBegin="ExecuteBeginHint" Command.HoverEnd="ExecuteEndHint" IsDisabled="true" />
							</Children>
						</ButtonWidget>

						<ButtonWidget Id="Spell_5_Button" WidthSizePolicy="Fixed" HeightSizePolicy="Fixed" SuggestedWidth="100" SuggestedHeight="100" HorizontalAlignment="Center" VerticalAlignment="Center" PositionXOffset="0" PositionYOffset="-0" Brush="Spell_5" Command.Click="ExecuteSpellCast" CommandParameter.Click="5">
							<Children>
								<HintWidget DataSource="{Spell_5_Hint}" WidthSizePolicy="StretchToParent" HeightSizePolicy="StretchToParent" Command.HoverBegin="ExecuteBeginHint" Command.HoverEnd="ExecuteEndHint" IsDisabled="true" />
							</Children>
						</ButtonWidget>

						<ButtonWidget Id="Spell_6_Button" WidthSizePolicy="Fixed" HeightSizePolicy="Fixed" SuggestedWidth="100" SuggestedHeight="100" HorizontalAlignment="Center" VerticalAlignment="Center" PositionXOffset="150" PositionYOffset="-0" Brush="Spell_6" Command.Click="ExecuteSpellCast" CommandParameter.Click="6">
							<Children>
								<HintWidget DataSource="{Spell_6_Hint}" WidthSizePolicy="StretchToParent" HeightSizePolicy="StretchToParent" Command.HoverBegin="ExecuteBeginHint" Command.HoverEnd="ExecuteEndHint" IsDisabled="true" />
							</Children>
						</ButtonWidget>

						<ButtonWidget Id="Spell_7_Button" WidthSizePolicy="Fixed" HeightSizePolicy="Fixed" SuggestedWidth="100" SuggestedHeight="100" HorizontalAlignment="Center" VerticalAlignment="Center" PositionXOffset="-150" PositionYOffset="150" Brush="Spell_7" Command.Click="ExecuteSpellCast" CommandParameter.Click="7">
							<Children>
								<HintWidget DataSource="{Spell_7_Hint}" WidthSizePolicy="StretchToParent" HeightSizePolicy="StretchToParent" Command.HoverBegin="ExecuteBeginHint" Command.HoverEnd="ExecuteEndHint" IsDisabled="true" />
							</Children>
						</ButtonWidget>

						<ButtonWidget Id="Spell_8_Button" WidthSizePolicy="Fixed" HeightSizePolicy="Fixed" SuggestedWidth="100" SuggestedHeight="100" HorizontalAlignment="Center" VerticalAlignment="Center" PositionXOffset="0" PositionYOffset="150" Brush="Spell_8" Command.Click="ExecuteSpellCast" CommandParameter.Click="8">
							<Children>
								<HintWidget DataSource="{Spell_8_Hint}" WidthSizePolicy="StretchToParent" HeightSizePolicy="StretchToParent" Command.HoverBegin="ExecuteBeginHint" Command.HoverEnd="ExecuteEndHint" IsDisabled="true" />
							</Children>
						</ButtonWidget>

						<ButtonWidget Id="Spell_9_Button" WidthSizePolicy="Fixed" HeightSizePolicy="Fixed" SuggestedWidth="100" SuggestedHeight="100" HorizontalAlignment="Center" VerticalAlignment="Center" PositionXOffset="150" PositionYOffset="150" Brush="Spell_9" Command.Click="ExecuteSpellCast" CommandParameter.Click="9">
							<Children>
								<HintWidget DataSource="{Spell_9_Hint}" WidthSizePolicy="StretchToParent" HeightSizePolicy="StretchToParent" Command.HoverBegin="ExecuteBeginHint" Command.HoverEnd="ExecuteEndHint" IsDisabled="true" />
							</Children>
						</ButtonWidget>

					</Children>
				</MagicUIWidget>
		</Children>
    </Widget>
  </Window>
</Prefab>