﻿<?xml version="1.0" encoding="UTF-8"?>
<SpriteData>
  <SpriteCategories>
    <SpriteCategory>
      <Name>ui_magic</Name>
      <SpriteSheetCount>1</SpriteSheetCount>
      <SpriteSheetSize ID="1" Width="4096" Height="4096" />
    </SpriteCategory>
  </SpriteCategories>
  <SpriteParts>
	  <SpritePart>
		  <SheetID>1</SheetID>
		  <Name>Main\background</Name>
		  <Width>500</Width>
		  <Height>500</Height>
		  <SheetX>0</SheetX>
		  <SheetY>0</SheetY>
		  <CategoryName>ui_magic</CategoryName>
	  </SpritePart>
	  <SpritePart>
		  <SheetID>1</SheetID>
		  <Name>Main\frame</Name>
		  <Width>500</Width>
		  <Height>500</Height>
		  <SheetX>500</SheetX>
		  <SheetY>0</SheetY>
		  <CategoryName>ui_magic</CategoryName>
	  </SpritePart>
	  <SpritePart>
		  <SheetID>1</SheetID>
		  <Name>Main\test</Name>
		  <Width>500</Width>
		  <Height>500</Height>
		  <SheetX>1000</SheetX>
		  <SheetY>0</SheetY>
		  <CategoryName>ui_magic</CategoryName>
	  </SpritePart>
	  <SpritePart>
		  <SheetID>1</SheetID>
		  <Name>Spell\background</Name>
		  <Width>100</Width>
		  <Height>100</Height>
		  <SheetX>0</SheetX>
		  <SheetY>500</SheetY>
		  <CategoryName>ui_magic</CategoryName>
	  </SpritePart>
	  <SpritePart>
		  <SheetID>1</SheetID>
		  <Name>Spell\frame</Name>
		  <Width>100</Width>
		  <Height>100</Height>
		  <SheetX>100</SheetX>
		  <SheetY>500</SheetY>
		  <CategoryName>ui_magic</CategoryName>
	  </SpritePart>
  </SpriteParts>
  <Sprites>
	  <GenericSprite>
		  <Name>Main\background</Name>
		  <SpritePartName>Main\background</SpritePartName>
	  </GenericSprite>
	  <GenericSprite>
		  <Name>Main\frame</Name>
		  <SpritePartName>Main\frame</SpritePartName>
	  </GenericSprite>
	  <GenericSprite>
		  <Name>Main\test</Name>
		  <SpritePartName>Main\test</SpritePartName>
	  </GenericSprite>
	  <GenericSprite>
		  <Name>Spell\background</Name>
		  <SpritePartName>Spell\background</SpritePartName>
	  </GenericSprite>
	  <GenericSprite>
		  <Name>Spell\frame</Name>
		  <SpritePartName>Spell\frame</SpritePartName>
	  </GenericSprite>
  </Sprites>
</SpriteData>